Campaign,Ad group,Ad type,Status,Budget,Budget type,Bid strategy type,Network (Google Search),Network (Search partners),Network (Display Network),Language,Location,Final URL,Path 1,Path 2,Headline 1,Headline 2,Headline 3,Headline 4,Headline 5,Headline 6,Headline 7,Headline 8,Headline 9,Headline 10,Headline 11,Headline 12,Headline 13,Headline 14,Headline 15,Description 1,Description 2,Description 3,Description 4,Keyword,Match type,Max. CPC
HHB - Inherited & Estate,,,,53.33,Daily,Maximize Conversions,Yes,No,No,English,"Virginia; Maryland; Washington DC; Pennsylvania; New York; Florida",,,,,,,,,,,,,,,,,,,,,,,,,,
HHB - Inherited & Estate,Out-of-State Heirs,Responsive search ad,Enabled,,,,,,,,,https://helpfulhomebuyersusa.com/inherited,Inherited,Virginia,Out-of-State? We Buy VA Estates,Inherited Virginia Property?,Close From Anywhere — Cash Offer,No Agent. No Repairs. Just Cash.,Virginia Estate Buyers Since 2015,Fair Cash Offer in 24 Hours,We Handle VA Probate Complexity,Sell Virginia Home Remotely,Out-of-State Heir? We Help,VA Estate Sold in 14 Days,Cash Offer — Any Condition,Skip the Repairs & Showings,Get Your Cash Offer Today,We Buy Inherited VA Homes,Trusted Virginia Estate Buyers,Out-of-state heirs trust us to handle everything. Get a cash offer on your inherited Virginia property — close in 14 days or on your schedule.,Dealing with a Virginia estate from far away? We buy inherited homes as-is. No repairs, no showings, no agent commissions. Call (703) 940-1159.,Inherited a Virginia home but live out of state? We make it simple — cash offer in 24 hours, close on your timeline, no repairs needed.,,,,
HHB - Inherited & Estate,Out-of-State Heirs,,,,,,,,,,,,,,,,,,,,,,,,,,,,,,,,,[inherited house virginia],Exact,
HHB - Inherited & Estate,Out-of-State Heirs,,,,,,,,,,,,,,,,,,,,,,,,,,,,,,,,,[sell inherited property virginia],Exact,
HHB - Inherited & Estate,Out-of-State Heirs,,,,,,,,,,,,,,,,,,,,,,,,,,,,,,,,,[inherited home cash buyers virginia],Exact,
HHB - Inherited & Estate,Out-of-State Heirs,,,,,,,,,,,,,,,,,,,,,,,,,,,,,,,,,inherited house virginia,Phrase,
HHB - Inherited & Estate,Out-of-State Heirs,,,,,,,,,,,,,,,,,,,,,,,,,,,,,,,,,sell inherited property virginia,Phrase,
HHB - Inherited & Estate,Out-of-State Heirs,,,,,,,,,,,,,,,,,,,,,,,,,,,,,,,,,[out of state executor virginia],Exact,
HHB - Inherited & Estate,Out-of-State Heirs,,,,,,,,,,,,,,,,,,,,,,,,,,,,,,,,,out of state heir sell virginia house,Phrase,
HHB - Inherited & Estate,Out-of-State Heirs,,,,,,,,,,,,,,,,,,,,,,,,,,,,,,,,,[virginia estate sale house fast cash],Exact,
HHB - Inherited & Estate,Out-of-State Heirs,,,,,,,,,,,,,,,,,,,,,,,,,,,,,,,,,estate sale virginia home buyers,Phrase,
HHB - Inherited & Estate,Local Probate,Responsive search ad,Enabled,,,,,,,,,https://helpfulhomebuyersusa.com/probate,Probate,Virginia,Sell Probate Property Virginia,We Work With Executors & Heirs,No Court Delays — Cash Offer,Virginia Probate House Buyers,Close on Your Court Timeline,Fair Cash Offer for Estate Home,Probate Specialists — 24-Hr Offer,Skip the Agent — Keep More Cash,Executor Selling VA Property?,Probate Home Sold in 2 Weeks,As-Is Probate Sale Virginia,Cash for Probate Property VA,Fast Probate Home Sale,We Buy Probate Estates VA,Get Probate Offer in 24 Hours,Virginia probate property? We work directly with executors and heirs. Cash offers, flexible closing, no repairs required. Get your offer today.,Probate doesn't have to be complicated. We buy Virginia estate homes fast — cash as-is on your timeline. Call (703) 940-1159.,Selling a probate or estate property in Virginia? No repairs, no open houses. We close on YOUR schedule — call for a same-day cash offer.,,,,
HHB - Inherited & Estate,Local Probate,,,,,,,,,,,,,,,,,,,,,,,,,,,,,,,,,[sell probate house virginia],Exact,
HHB - Inherited & Estate,Local Probate,,,,,,,,,,,,,,,,,,,,,,,,,,,,,,,,,[probate property buyer virginia],Exact,
HHB - Inherited & Estate,Local Probate,,,,,,,,,,,,,,,,,,,,,,,,,,,,,,,,,probate real estate buyers,Phrase,
HHB - Inherited & Estate,Local Probate,,,,,,,,,,,,,,,,,,,,,,,,,,,,,,,,,[executor sell house virginia],Exact,
HHB - Inherited & Estate,Local Probate,,,,,,,,,,,,,,,,,,,,,,,,,,,,,,,,,sell estate property virginia,Phrase,
HHB - Inherited & Estate,Local Probate,,,,,,,,,,,,,,,,,,,,,,,,,,,,,,,,,[sell house during probate virginia],Exact,
HHB - Distressed Property,,,,46.67,Daily,Maximize Conversions,Yes,No,No,English,"Northern Virginia; Richmond Virginia; Hampton Roads Virginia",,,,,,,,,,,,,,,,,,,,,,,,,,
HHB - Distressed Property,Code Violations & Condemned,Responsive search ad,Enabled,,,,,,,,,https://helpfulhomebuyersusa.com/damaged,Distressed,Virginia,We Buy Code Violation Houses,Condemned Property? We'll Buy It,As-Is — No Repairs Required,Cash Offer for Problem Properties,Code Issues Don't Scare Us,Virginia Distressed Property Buyers,Close in 14 Days — Any Condition,Violations or Liens? Still Cash,Cash for Condemned VA Home,We Buy Problem Properties VA,No Repair Demands — Ever,Code Violation Buyers Virginia,Fast Cash — No Inspections,Distressed Home Sold Fast,Fair Offer on Any Condition Home,Code violations or condemnation orders — we buy Virginia homes in any condition. Cash offer in 24 hours, close in 2 weeks no repairs required.,Facing code enforcement? Don't spend money on repairs. We buy distressed Virginia properties as-is for cash. Call (703) 940-1159.,City violations, condemned status, structural issues — none of that stops us. We buy Virginia homes as-is and pay closing costs too.,,,,
HHB - Distressed Property,Code Violations & Condemned,,,,,,,,,,,,,,,,,,,,,,,,,,,,,,,,,[sell code violation house virginia],Exact,
HHB - Distressed Property,Code Violations & Condemned,,,,,,,,,,,,,,,,,,,,,,,,,,,,,,,,,[sell condemned property virginia],Exact,
HHB - Distressed Property,Code Violations & Condemned,,,,,,,,,,,,,,,,,,,,,,,,,,,,,,,,,buy house code violations virginia,Phrase,
HHB - Distressed Property,Code Violations & Condemned,,,,,,,,,,,,,,,,,,,,,,,,,,,,,,,,,[sell house code violations],Exact,
HHB - Distressed Property,Code Violations & Condemned,,,,,,,,,,,,,,,,,,,,,,,,,,,,,,,,,condemned house buyers virginia,Phrase,
HHB - Distressed Property,Code Violations & Condemned,,,,,,,,,,,,,,,,,,,,,,,,,,,,,,,,,[sell uninhabitable house virginia],Exact,
HHB - Distressed Property,Code Violations & Condemned,,,,,,,,,,,,,,,,,,,,,,,,,,,,,,,,,sell problem property virginia,Phrase,
HHB - Distressed Property,Tax Delinquent & Liens,Responsive search ad,Enabled,,,,,,,,,https://helpfulhomebuyersusa.com/tax-lien,Tax Lien,Virginia,Behind on Property Taxes Virginia?,Tax Sale Coming? We Can Help,We Buy Tax Delinquent Properties,Stop Tax Sale — Sell for Cash,Virginia Tax Lien Property Buyers,Cash Before the Tax Deadline,Fair Offer — Tax Liens Welcome,Avoid Foreclosure — Sell Fast,Tax Delinquent Home Buyers VA,Back Taxes? Still Get Cash,We Pay Off Your Tax Liens,Sell Before the Tax Auction,Fast Cash — Back Taxes OK,Tax Lien Sale Virginia Buyer,Get Cash Before Deadline,Facing a tax sale or tax lien in Virginia? We buy properties with back taxes owed — cash offer protects your equity before the deadline.,Delinquent on Virginia property taxes? We buy houses with tax liens as-is, pay off what's owed, and put cash in your pocket fast.,Tax sale scheduled? We've helped Virginia homeowners sell before losing their home to auction. Call (703) 940-1159 for a same-day cash offer.,,,,
HHB - Distressed Property,Tax Delinquent & Liens,,,,,,,,,,,,,,,,,,,,,,,,,,,,,,,,,[sell tax delinquent property virginia],Exact,
HHB - Distressed Property,Tax Delinquent & Liens,,,,,,,,,,,,,,,,,,,,,,,,,,,,,,,,,[behind on property taxes virginia sell house],Exact,
HHB - Distressed Property,Tax Delinquent & Liens,,,,,,,,,,,,,,,,,,,,,,,,,,,,,,,,,tax lien property buyers virginia,Phrase,
HHB - Distressed Property,Tax Delinquent & Liens,,,,,,,,,,,,,,,,,,,,,,,,,,,,,,,,,[sell house tax lien virginia],Exact,
HHB - Distressed Property,Tax Delinquent & Liens,,,,,,,,,,,,,,,,,,,,,,,,,,,,,,,,,delinquent property tax buyer,Phrase,
HHB - Distressed Property,Tax Delinquent & Liens,,,,,,,,,,,,,,,,,,,,,,,,,,,,,,,,,[sell before tax sale virginia],Exact,
HHB - Senior Transition,,,,33.33,Daily,Maximize Conversions,Yes,No,No,English,"Northern Virginia; Richmond Virginia",,,,,,,,,,,,,,,,,,,,,,,,,,
HHB - Senior Transition,Assisted Living Move,Responsive search ad,Enabled,,,,,,,,,https://helpfulhomebuyersusa.com/senior-transition,Senior,Virginia,Moving to Assisted Living? Sell Fast,Quick Cash for Senior Home Sale,Stress-Free Senior Home Sale VA,We Handle Everything — You Rest,Family Helping Parent Move?,Close in 14 Days — No Repairs,Senior Transition Property Buyers,Fair Offer — Your Timeline,Sell Before Moving to Memory Care,Senior Home Sold in 2 Weeks,No Showings. No Repairs. Cash.,We Respect Your Situation,Gentle & Fast Virginia Home Sale,Trusted Senior Home Buyers VA,Get Your Offer in 24 Hours,Moving to assisted living? Sell your Virginia home in 2 weeks with no repairs showings or agent fees. We make it easy for seniors and families.,Helping a parent transition to assisted living? We buy Virginia homes fast as-is — fair cash offer so you can focus on what matters most.,Senior home sale doesn't have to be stressful. We handle everything and close on your schedule. Call (703) 940-1159 for a gentle fast offer.,,,,
HHB - Senior Transition,Assisted Living Move,,,,,,,,,,,,,,,,,,,,,,,,,,,,,,,,,[sell house moving assisted living],Exact,
HHB - Senior Transition,Assisted Living Move,,,,,,,,,,,,,,,,,,,,,,,,,,,,,,,,,[sell parent home assisted living virginia],Exact,
HHB - Senior Transition,Assisted Living Move,,,,,,,,,,,,,,,,,,,,,,,,,,,,,,,,,sell house for assisted living,Phrase,
HHB - Senior Transition,Assisted Living Move,,,,,,,,,,,,,,,,,,,,,,,,,,,,,,,,,[sell home moving to assisted living facility],Exact,
HHB - Senior Transition,Assisted Living Move,,,,,,,,,,,,,,,,,,,,,,,,,,,,,,,,,moving to assisted living sell house virginia,Phrase,
HHB - Senior Transition,Assisted Living Move,,,,,,,,,,,,,,,,,,,,,,,,,,,,,,,,,[sell house memory care move],Exact,
HHB - Senior Transition,Adult Children Sellers,Responsive search ad,Enabled,,,,,,,,,https://helpfulhomebuyersusa.com/senior-transition,Senior,Virginia,Helping Parents Sell Their Home?,Sell Parents' Virginia House Fast,Adult Children — We Work With You,Family Home to Cash in 2 Weeks,No Repairs — Full Cash Offer,Virginia Family Home Buyers,Sell Without an Agent — Save Fees,Respectful. Fast. Cash Offer.,Children Selling Parents Home VA,Sell Family Home Fast Virginia,We Work With Families,No Showings — Sell As-Is,Trusted by Virginia Families,Family Home Buyers Virginia,Fast Fair Respectful Offer,Adult children helping parents sell the family home in Virginia? We make it easy — cash offer in 24 hours no repairs no open houses.,Helping your parents sell their Virginia home? We work with families to make the process simple and respectful. Cash offer fast close. Call (703) 940-1159.,Managing a parent's home sale from a distance? We work with families throughout Virginia — cash offers close in 2 weeks no repairs required.,,,,
HHB - Senior Transition,Adult Children Sellers,,,,,,,,,,,,,,,,,,,,,,,,,,,,,,,,,[sell parents house virginia],Exact,
HHB - Senior Transition,Adult Children Sellers,,,,,,,,,,,,,,,,,,,,,,,,,,,,,,,,,[helping parents sell house virginia],Exact,
HHB - Senior Transition,Adult Children Sellers,,,,,,,,,,,,,,,,,,,,,,,,,,,,,,,,,children selling parent home virginia,Phrase,
HHB - Senior Transition,Adult Children Sellers,,,,,,,,,,,,,,,,,,,,,,,,,,,,,,,,,[sell family home virginia cash buyers],Exact,
HHB - Senior Transition,Adult Children Sellers,,,,,,,,,,,,,,,,,,,,,,,,,,,,,,,,,sell family home virginia cash,Phrase,
HHB - Senior Transition,Adult Children Sellers,,,,,,,,,,,,,,,,,,,,,,,,,,,,,,,,,[adult children sell parents home virginia],Exact,
